B084R9GLQD,i1220,18,14,8,0.75,16.378,13.189,1.7323,0.7099,f,f,f,f,2022/09/15 01:01:01,t,t,6.08,0.18,9.49,2,0,-1.04,-12.29,f,"{'"isWhiteGloveRequired'":false,'"weightUnitString'":'"pounds'",'"subCategory'":'"'",'"fnsku'":'"X002HBMT23'",'"dimensionUnit'":'"inches'",'"link'":'"http://www.amazon.com/gp/product/B084R9GLQD/ref=silver_xx_cont_revecalc'",'"binding'":'"'",'"title'":'"ILLAM 12x20 Premium Stuffer Home Office Decorative Throw Pillow/Cushion Insert, White (12x20)'",'"dimensionUnitString'":'"inches'",'"price'":9.49,'"imageUrl'":'"https://m.media-amazon.com/images/I/41pKIDAXUKL._SL120_.jpg'",'"height'":1.7323,'"isAfn'":false,'"gl'":'"gl_home'",'"TRexId'":'"'",'"length'":16.378,'"isAsinLimits'":false,'"weight'":0.7099,'"originalUrl'":'"'",'"productGroup'":'"'",'"width'":13.189,'"thumbStringUrl'":'"https://m.media-amazon.com/images/I/41pKIDAXUKL._SL120_SL80_.jpg'",'"asin'":'"B084R9GLQD'",'"encryptedMarketplaceId'":'"'",'"weightUnit'":'"pounds'"}",2022/09/15 01:01:01,f,523,522,3346,0,t,t,t,t,NIL,0,0
B07JXY6T7K,th1218p2,18,14,8,1.5,16.75,12,4,1.41,f,f,f,f,2023/01/08 06:15:31,t,t,5.19,0.39,15.49,3.48,0,4.11,26.54,t,"{'"queryName'":'"GetInventoryCardData'",'"result'":'"{\'"GetFbaInventoryData\'":{\'"storageFees12Months\'":{\'"currencyValue\'":0,\'"currencyCode\'":\'"USD\'"},\'"storageFees12MonthsQuantity\'":0,\'"excessInventory\'":null,\'"reorderFrequency\'":1,\'"inventoryQuantityByAge181To270\'":0,\'"totalStorageFees\'":{\'"currencyValue\'":0,\'"currencyCode\'":\'"USD\'"},\'"supplierLeadTime\'":7,\'"storageFees6MonthsQuantity\'":0,\'"inventoryQuantityByAge91To180\'":0,\'"restockQuantity\'":160,\'"inventoryQuantityByAge271To365\'":0,\'"inventoryQuantityByAge365Plus\'":0,\'"daysOfSupplyBadging\'":null,\'"totalStorageFeesQuantity\'":0,\'"inventoryAlert\'":null,\'"storageFees6Months\'":{\'"currencyValue\'":0,\'"currencyCode\'":\'"USD\'"},\'"restockOrderDate\'":\'"2023-01-15T00:00:00Z\'",\'"daysOfSupply\'":105,\'"inventoryQuantityByAge0To90\'":1389},\'"GetInventoryBreakdownData\'":{\'"availableQuantity\'":998,\'"unsellableQuantity\'":8,\'"totalQuantity\'":1353,\'"availableBreakdown\'":{\'"inbound\'":0,\'"reserved\'":371,\'"unfulfillable\'":8,\'"available\'":998,\'"researching\'":1,\'"availableTotal\'":1378},\'"unfulfillableQuantity\'":8,\'"unfulfillableBreakdown\'":{\'"unfulfillableCarrierDamaged\'":0,\'"unfulfillableDefective\'":1,\'"unfulfillableTotalQuantity\'":8,\'"unfulfillableDistributorDamaged\'":0,\'"unfulfillableWarehouseDamaged\'":1,\'"unfulfillableExpired\'":0,\'"unfulfillableCustomerDamaged\'":6},\'"inboundQuantity\'":0,\'"fcTransferQuantity\'":355,\'"reservedBreakdown\'":{\'"fcTransferQuantity\'":355,\'"reservedTotalQuantity\'":371,\'"customerOrderQuantity\'":8,\'"fcProcessingQuantity\'":8},\'"itemDetails\'":{\'"volume\'":{\'"volume\'":804,\'"volumeUnit\'":\'"cubic inches\'"},\'"condition\'":\'"New\'",\'"weight\'":{\'"weight\'":1.4109584779832165,\'"weightUnit\'":\'"pounds\'"},\'"dimension\'":{\'"widthUnit\'":\'"inches\'",\'"length\'":16.75,\'"width\'":12,\'"dimensionUnit\'":\'"inches\'",\'"lengthUnit\'":\'"inches\'",\'"heightUnit\'":\'"inches\'",\'"height\'":4}},\'"customerOrderQuantity\'":8,\'"fcProcessingQuantity\'":8},\'"GetMfnInventoryBreakdown\'":{\'"totalQuantity\'":null,\'"inventoryAlert\'":null}}'"}",2023/01/11 17:03:11,t,178,175,1580,0,t,t,t,t,NIL,1339,2.32
B0BJ6LGJ3M,PBI-TP-2222C-P2-AMZ-USA,18,14,8,4,17.68,11.14,5.75,3.09,f,f,f,f,2023/01/11 17:46:13,t,t,8.85,0.54,23.49,5.76,0,4.81,20.49,t,"{'"queryName'":'"GetInventoryCardData'",'"result'":'"{\'"GetFbaInventoryData\'":{\'"storageFees12Months\'":{\'"currencyValue\'":0,\'"currencyCode\'":\'"USD\'"},\'"storageFees12MonthsQuantity\'":0,\'"excessInventory\'":null,\'"reorderFrequency\'":5,\'"inventoryQuantityByAge181To270\'":0,\'"totalStorageFees\'":{\'"currencyValue\'":0,\'"currencyCode\'":\'"USD\'"},\'"supplierLeadTime\'":4,\'"storageFees6MonthsQuantity\'":0,\'"inventoryQuantityByAge91To180\'":0,\'"restockQuantity\'":0,\'"inventoryQuantityByAge271To365\'":0,\'"inventoryQuantityByAge365Plus\'":0,\'"daysOfSupplyBadging\'":null,\'"totalStorageFeesQuantity\'":0,\'"inventoryAlert\'":null,\'"storageFees6Months\'":{\'"currencyValue\'":0,\'"currencyCode\'":\'"USD\'"},\'"restockOrderDate\'":null,\'"daysOfSupply\'":91,\'"inventoryQuantityByAge0To90\'":67},\'"GetInventoryBreakdownData\'":{\'"availableQuantity\'":65,\'"unsellableQuantity\'":0,\'"totalQuantity\'":65,\'"availableBreakdown\'":{\'"inbound\'":0,\'"reserved\'":1,\'"unfulfillable\'":0,\'"available\'":65,\'"researching\'":1,\'"availableTotal\'":67},\'"unfulfillableQuantity\'":0,\'"unfulfillableBreakdown\'":{\'"unfulfillableCarrierDamaged\'":0,\'"unfulfillableDefective\'":0,\'"unfulfillableTotalQuantity\'":0,\'"unfulfillableDistributorDamaged\'":0,\'"unfulfillableWarehouseDamaged\'":0,\'"unfulfillableExpired\'":0,\'"unfulfillableCustomerDamaged\'":0},\'"inboundQuantity\'":0,\'"fcTransferQuantity\'":0,\'"reservedBreakdown\'":{\'"fcTransferQuantity\'":0,\'"reservedTotalQuantity\'":1,\'"customerOrderQuantity\'":1,\'"fcProcessingQuantity\'":0},\'"itemDetails\'":{\'"volume\'":{\'"volume\'":1132.4924,\'"volumeUnit\'":\'"cubic inches\'"},\'"condition\'":\'"New\'",\'"weight\'":{\'"weight\'":3.090880915831984,\'"weightUnit\'":\'"pounds\'"},\'"dimension\'":{\'"widthUnit\'":\'"inches\'",\'"length\'":17.68,\'"width\'":11.14,\'"dimensionUnit\'":\'"inches\'",\'"lengthUnit\'":\'"inches\'",\'"heightUnit\'":\'"inches\'",\'"height\'":5.75}},\'"customerOrderQuantity\'":1,\'"fcProcessingQuantity\'":0},\'"GetMfnInventoryBreakdown\'":{\'"totalQuantity\'":null,\'"inventoryAlert\'":null}}'"}",2023/01/11 17:47:02,t,178,178,1580,0,t,t,t,t,NIL,67,3.52
B0B1WLCV2D,th20c,18,14,8,1.5,15.16,10.24,6.02,1.28,f,f,f,f,2023/01/11 16:31:59,t,f,5.19,0.45,12.49,2.63,0,2.35,18.8,t,"{'"queryName'":'"GetInventoryCardData'",'"result'":'"{\'"GetFbaInventoryData\'":{\'"storageFees12Months\'":{\'"currencyValue\'":0,\'"currencyCode\'":\'"USD\'"},\'"storageFees12MonthsQuantity\'":0,\'"excessInventory\'":null,\'"reorderFrequency\'":5,\'"inventoryQuantityByAge181To270\'":0,\'"totalStorageFees\'":{\'"currencyValue\'":0,\'"currencyCode\'":\'"USD\'"},\'"supplierLeadTime\'":4,\'"storageFees6MonthsQuantity\'":0,\'"inventoryQuantityByAge91To180\'":0,\'"restockQuantity\'":0,\'"inventoryQuantityByAge271To365\'":0,\'"inventoryQuantityByAge365Plus\'":0,\'"daysOfSupplyBadging\'":null,\'"totalStorageFeesQuantity\'":0,\'"inventoryAlert\'":null,\'"storageFees6Months\'":{\'"currencyValue\'":0,\'"currencyCode\'":\'"USD\'"},\'"restockOrderDate\'":null,\'"daysOfSupply\'":200,\'"inventoryQuantityByAge0To90\'":145},\'"GetInventoryBreakdownData\'":{\'"availableQuantity\'":137,\'"unsellableQuantity\'":0,\'"totalQuantity\'":377,\'"availableBreakdown\'":{\'"inbound\'":240,\'"reserved\'":5,\'"unfulfillable\'":0,\'"available\'":137,\'"researching\'":0,\'"availableTotal\'":382},\'"unfulfillableQuantity\'":0,\'"unfulfillableBreakdown\'":{\'"unfulfillableCarrierDamaged\'":0,\'"unfulfillableDefective\'":0,\'"unfulfillableTotalQuantity\'":0,\'"unfulfillableDistributorDamaged\'":0,\'"unfulfillableWarehouseDamaged\'":0,\'"unfulfillableExpired\'":0,\'"unfulfillableCustomerDamaged\'":0},\'"inboundQuantity\'":240,\'"fcTransferQuantity\'":0,\'"reservedBreakdown\'":{\'"fcTransferQuantity\'":0,\'"reservedTotalQuantity\'":5,\'"customerOrderQuantity\'":4,\'"fcProcessingQuantity\'":1},\'"itemDetails\'":{\'"volume\'":{\'"volume\'":934.5351680000001,\'"volumeUnit\'":\'"cubic inches\'"},\'"condition\'":\'"New\'",\'"weight\'":{\'"weight\'":1.2808857432941387,\'"weightUnit\'":\'"pounds\'"},\'"dimension\'":{\'"widthUnit\'":\'"inches\'",\'"length\'":15.16,\'"width\'":10.24,\'"dimensionUnit\'":\'"inches\'",\'"lengthUnit\'":\'"inches\'",\'"heightUnit\'":\'"inches\'",\'"height\'":6.0200000000000005}},\'"customerOrderQuantity\'":4,\'"fcProcessingQuantity\'":1},\'"GetMfnInventoryBreakdown\'":{\'"totalQuantity\'":null,\'"inventoryAlert\'":null}}'"}",2023/01/11 16:32:49,t,768,768,8058,120,t,t,t,t,NIL,142,1.87
B07JPF4YPV,th18p2,18,14,8,5.5,16.93,9.72,4.88,2.0106,f,f,f,f,2022/09/15 01:01:01,t,t,7.38,0.39,13.99,5.1,0,-0.98,-6.99,f,"{'"isWhiteGloveRequired'":false,'"weightUnitString'":'"pounds'",'"subCategory'":'"'",'"fnsku'":'"X001XPAISB'",'"dimensionUnit'":'"inches'",'"link'":'"http://www.amazon.com/gp/product/B07JPF4YPV/ref=silver_xx_cont_revecalc'",'"binding'":'"'",'"title'":'"Trendy Home 18x18 Premium Stuffer Home Office Decorative Throw Pillow Insert, Standard/White 18x18(2pack)'",'"dimensionUnitString'":'"inches'",'"price'":13.99,'"imageUrl'":'"https://m.media-amazon.com/images/I/41dU5SAq43L._SL120_.jpg'",'"height'":4.88,'"isAfn'":false,'"gl'":'"gl_home'",'"TRexId'":'"'",'"length'":16.93,'"isAsinLimits'":false,'"weight'":2.0106,'"originalUrl'":'"'",'"productGroup'":'"'",'"width'":9.72,'"thumbStringUrl'":'"https://m.media-amazon.com/images/I/41dU5SAq43L._SL120_SL80_.jpg'",'"asin'":'"B07JPF4YPV'",'"encryptedMarketplaceId'":'"'",'"weightUnit'":'"pounds'"}",2022/09/15 01:01:01,f,5,0,41,0,t,t,t,t,NIL,0,0
B08D3XLL26,th1220c,18,14,8,5.5,16.46,11.81,1.85,0.75,f,f,f,f,2023/01/11 17:34:24,t,t,5.19,0.17,10.49,1.91,0,1.64,15.67,t,"{'"queryName'":'"GetInventoryCardData'",'"result'":'"{\'"GetFbaInventoryData\'":{\'"storageFees12Months\'":{\'"currencyValue\'":0,\'"currencyCode\'":\'"USD\'"},\'"storageFees12MonthsQuantity\'":0,\'"excessInventory\'":null,\'"reorderFrequency\'":1,\'"inventoryQuantityByAge181To270\'":0,\'"totalStorageFees\'":{\'"currencyValue\'":0,\'"currencyCode\'":\'"USD\'"},\'"supplierLeadTime\'":7,\'"storageFees6MonthsQuantity\'":0,\'"inventoryQuantityByAge91To180\'":0,\'"restockQuantity\'":0,\'"inventoryQuantityByAge271To365\'":0,\'"inventoryQuantityByAge365Plus\'":0,\'"daysOfSupplyBadging\'":null,\'"totalStorageFeesQuantity\'":0,\'"inventoryAlert\'":null,\'"storageFees6Months\'":{\'"currencyValue\'":0,\'"currencyCode\'":\'"USD\'"},\'"restockOrderDate\'":null,\'"daysOfSupply\'":222,\'"inventoryQuantityByAge0To90\'":145},\'"GetInventoryBreakdownData\'":{\'"availableQuantity\'":144,\'"unsellableQuantity\'":3,\'"totalQuantity\'":384,\'"availableBreakdown\'":{\'"inbound\'":240,\'"reserved\'":1,\'"unfulfillable\'":3,\'"available\'":144,\'"researching\'":0,\'"availableTotal\'":388},\'"unfulfillableQuantity\'":3,\'"unfulfillableBreakdown\'":{\'"unfulfillableCarrierDamaged\'":0,\'"unfulfillableDefective\'":1,\'"unfulfillableTotalQuantity\'":3,\'"unfulfillableDistributorDamaged\'":0,\'"unfulfillableWarehouseDamaged\'":1,\'"unfulfillableExpired\'":0,\'"unfulfillableCustomerDamaged\'":1},\'"inboundQuantity\'":240,\'"fcTransferQuantity\'":0,\'"reservedBreakdown\'":{\'"fcTransferQuantity\'":0,\'"reservedTotalQuantity\'":1,\'"customerOrderQuantity\'":1,\'"fcProcessingQuantity\'":0},\'"itemDetails\'":{\'"volume\'":{\'"volume\'":359.62631,\'"volumeUnit\'":\'"cubic inches\'"},\'"condition\'":\'"New\'",\'"weight\'":{\'"weight\'":0.7495716914285838,\'"weightUnit\'":\'"pounds\'"},\'"dimension\'":{\'"widthUnit\'":\'"inches\'",\'"length\'":16.46,\'"width\'":11.809999999999999,\'"dimensionUnit\'":\'"inches\'",\'"lengthUnit\'":\'"inches\'",\'"heightUnit\'":\'"inches\'",\'"height\'":1.8499999999999999}},\'"customerOrderQuantity\'":1,\'"fcProcessingQuantity\'":0},\'"GetMfnInventoryBreakdown\'":{\'"totalQuantity\'":null,\'"inventoryAlert\'":null}}'"}",2023/01/11 17:35:13,t,768,743,8060,160,t,t,t,t,NIL,148,1.57
B0BJ2ZXHGJ,PBI-TP-2424C-P2-AMZ-USA,18,14,8,10,17.01,12.01,6.46,3.57,f,f,f,f,2023/01/11 16:58:59,t,t,9.17,0.63,23.49,6.24,0,3.92,16.7,t,"{'"queryName'":'"GetInventoryCardData'",'"result'":'"{\'"GetFbaInventoryData\'":{\'"storageFees12Months\'":{\'"currencyValue\'":0,\'"currencyCode\'":\'"USD\'"},\'"storageFees12MonthsQuantity\'":0,\'"excessInventory\'":null,\'"reorderFrequency\'":5,\'"inventoryQuantityByAge181To270\'":0,\'"totalStorageFees\'":{\'"currencyValue\'":0,\'"currencyCode\'":\'"USD\'"},\'"supplierLeadTime\'":4,\'"storageFees6MonthsQuantity\'":0,\'"inventoryQuantityByAge91To180\'":0,\'"restockQuantity\'":9,\'"inventoryQuantityByAge271To365\'":0,\'"inventoryQuantityByAge365Plus\'":0,\'"daysOfSupplyBadging\'":null,\'"totalStorageFeesQuantity\'":0,\'"inventoryAlert\'":null,\'"storageFees6Months\'":{\'"currencyValue\'":0,\'"currencyCode\'":\'"USD\'"},\'"restockOrderDate\'":\'"2023-01-18T00:00:00Z\'",\'"daysOfSupply\'":50,\'"inventoryQuantityByAge0To90\'":58},\'"GetInventoryBreakdownData\'":{\'"availableQuantity\'":55,\'"unsellableQuantity\'":0,\'"totalQuantity\'":56,\'"availableBreakdown\'":{\'"inbound\'":0,\'"reserved\'":3,\'"unfulfillable\'":0,\'"available\'":55,\'"researching\'":0,\'"availableTotal\'":58},\'"unfulfillableQuantity\'":0,\'"unfulfillableBreakdown\'":{\'"unfulfillableCarrierDamaged\'":0,\'"unfulfillableDefective\'":0,\'"unfulfillableTotalQuantity\'":0,\'"unfulfillableDistributorDamaged\'":0,\'"unfulfillableWarehouseDamaged\'":0,\'"unfulfillableExpired\'":0,\'"unfulfillableCustomerDamaged\'":0},\'"inboundQuantity\'":0,\'"fcTransferQuantity\'":1,\'"reservedBreakdown\'":{\'"fcTransferQuantity\'":1,\'"reservedTotalQuantity\'":3,\'"customerOrderQuantity\'":2,\'"fcProcessingQuantity\'":0},\'"itemDetails\'":{\'"volume\'":{\'"volume\'":1319.7140460000003,\'"volumeUnit\'":\'"cubic inches\'"},\'"condition\'":\'"New\'",\'"weight\'":{\'"weight\'":3.569284024773168,\'"weightUnit\'":\'"pounds\'"},\'"dimension\'":{\'"widthUnit\'":\'"inches\'",\'"length\'":17.01,\'"width\'":12.01,\'"dimensionUnit\'":\'"inches\'",\'"lengthUnit\'":\'"inches\'",\'"heightUnit\'":\'"inches\'",\'"height\'":6.460000000000001}},\'"customerOrderQuantity\'":2,\'"fcProcessingQuantity\'":0},\'"GetMfnInventoryBreakdown\'":{\'"totalQuantity\'":null,\'"inventoryAlert\'":null}}'"}",2023/01/11 16:59:48,t,178,178,1580,0,t,t,t,t,NIL,58,3.52
B07JNY67KP,th20p2,18,14,8,5.5,16.81,10,6.5,2.4,f,f,f,f,2023/01/11 17:25:57,t,t,5.19,0.52,15.49,5.35,0,2.1,13.57,t,"{'"queryName'":'"GetInventoryCardData'",'"result'":'"{\'"GetFbaInventoryData\'":{\'"storageFees12Months\'":{\'"currencyValue\'":0,\'"currencyCode\'":\'"USD\'"},\'"storageFees12MonthsQuantity\'":0,\'"excessInventory\'":null,\'"reorderFrequency\'":1,\'"inventoryQuantityByAge181To270\'":0,\'"totalStorageFees\'":{\'"currencyValue\'":0,\'"currencyCode\'":\'"USD\'"},\'"supplierLeadTime\'":7,\'"storageFees6MonthsQuantity\'":0,\'"inventoryQuantityByAge91To180\'":0,\'"restockQuantity\'":0,\'"inventoryQuantityByAge271To365\'":0,\'"inventoryQuantityByAge365Plus\'":0,\'"daysOfSupplyBadging\'":null,\'"totalStorageFeesQuantity\'":0,\'"inventoryAlert\'":null,\'"storageFees6Months\'":{\'"currencyValue\'":0,\'"currencyCode\'":\'"USD\'"},\'"restockOrderDate\'":null,\'"daysOfSupply\'":366,\'"inventoryQuantityByAge0To90\'":81},\'"GetInventoryBreakdownData\'":{\'"availableQuantity\'":78,\'"unsellableQuantity\'":1,\'"totalQuantity\'":278,\'"availableBreakdown\'":{\'"inbound\'":200,\'"reserved\'":3,\'"unfulfillable\'":1,\'"available\'":78,\'"researching\'":0,\'"availableTotal\'":282},\'"unfulfillableQuantity\'":1,\'"unfulfillableBreakdown\'":{\'"unfulfillableCarrierDamaged\'":0,\'"unfulfillableDefective\'":0,\'"unfulfillableTotalQuantity\'":1,\'"unfulfillableDistributorDamaged\'":0,\'"unfulfillableWarehouseDamaged\'":0,\'"unfulfillableExpired\'":0,\'"unfulfillableCustomerDamaged\'":1},\'"inboundQuantity\'":200,\'"fcTransferQuantity\'":0,\'"reservedBreakdown\'":{\'"fcTransferQuantity\'":0,\'"reservedTotalQuantity\'":3,\'"customerOrderQuantity\'":0,\'"fcProcessingQuantity\'":3},\'"itemDetails\'":{\'"volume\'":{\'"volume\'":1092.65,\'"volumeUnit\'":\'"cubic inches\'"},\'"condition\'":\'"New\'",\'"weight\'":{\'"weight\'":2.400834035193317,\'"weightUnit\'":\'"pounds\'"},\'"dimension\'":{\'"widthUnit\'":\'"inches\'",\'"length\'":16.81,\'"width\'":10,\'"dimensionUnit\'":\'"inches\'",\'"lengthUnit\'":\'"inches\'",\'"heightUnit\'":\'"inches\'",\'"height\'":6.500000000000001}},\'"customerOrderQuantity\'":0,\'"fcProcessingQuantity\'":3},\'"GetMfnInventoryBreakdown\'":{\'"totalQuantity\'":null,\'"inventoryAlert\'":null}}'"}",2023/01/11 17:26:47,t,178,175,1580,120,t,t,t,t,NIL,82,2.32
B08D3QXSV3,th16c,18,14,8,5.5,16.45,12.8,2.8,0.68,f,f,f,f,2023/01/11 17:19:14,t,t,5.19,0.28,10.49,1.91,0,1.53,14.62,t,"{'"queryName'":'"GetInventoryCardData'",'"result'":'"{\'"GetFbaInventoryData\'":{\'"storageFees12Months\'":null,\'"storageFees12MonthsQuantity\'":0,\'"excessInventory\'":null,\'"reorderFrequency\'":1,\'"inventoryQuantityByAge181To270\'":0,\'"totalStorageFees\'":null,\'"supplierLeadTime\'":7,\'"storageFees6MonthsQuantity\'":0,\'"inventoryQuantityByAge91To180\'":0,\'"restockQuantity\'":0,\'"inventoryQuantityByAge271To365\'":0,\'"inventoryQuantityByAge365Plus\'":0,\'"daysOfSupplyBadging\'":null,\'"totalStorageFeesQuantity\'":0,\'"inventoryAlert\'":null,\'"storageFees6Months\'":null,\'"restockOrderDate\'":null,\'"daysOfSupply\'":268,\'"inventoryQuantityByAge0To90\'":1},\'"GetInventoryBreakdownData\'":{\'"availableQuantity\'":128,\'"unsellableQuantity\'":0,\'"totalQuantity\'":343,\'"availableBreakdown\'":{\'"inbound\'":160,\'"reserved\'":58,\'"unfulfillable\'":0,\'"available\'":128,\'"researching\'":0,\'"availableTotal\'":346},\'"unfulfillableQuantity\'":0,\'"unfulfillableBreakdown\'":{\'"unfulfillableCarrierDamaged\'":0,\'"unfulfillableDefective\'":0,\'"unfulfillableTotalQuantity\'":0,\'"unfulfillableDistributorDamaged\'":0,\'"unfulfillableWarehouseDamaged\'":0,\'"unfulfillableExpired\'":0,\'"unfulfillableCustomerDamaged\'":0},\'"inboundQuantity\'":160,\'"fcTransferQuantity\'":55,\'"reservedBreakdown\'":{\'"fcTransferQuantity\'":55,\'"reservedTotalQuantity\'":58,\'"customerOrderQuantity\'":3,\'"fcProcessingQuantity\'":0},\'"itemDetails\'":{\'"volume\'":{\'"volume\'":589.568,\'"volumeUnit\'":\'"cubic inches\'"},\'"condition\'":\'"New\'",\'"weight\'":{\'"weight\'":0.679023767529423,\'"weightUnit\'":\'"pounds\'"},\'"dimension\'":{\'"widthUnit\'":\'"inches\'",\'"length\'":16.45,\'"width\'":12.799999999999999,\'"dimensionUnit\'":\'"inches\'",\'"lengthUnit\'":\'"inches\'",\'"heightUnit\'":\'"inches\'",\'"height\'":2.8000000000000003}},\'"customerOrderQuantity\'":3,\'"fcProcessingQuantity\'":0},\'"GetMfnInventoryBreakdown\'":{\'"totalQuantity\'":null,\'"inventoryAlert\'":null}}'"}",2023/01/11 17:20:03,t,768,749,8060,80,t,t,t,t,NIL,186,1.57
B0BJ2X3PT5,PBI-TP-1212C-P4-AMZ-USA,18,14,8,5,13.3,12.64,4.92,1.98,f,f,f,f,2023/01/11 16:45:29,t,t,5.19,0.4,16.99,6.24,0,2.61,15.39,t,"{'"queryName'":'"GetInventoryCardData'",'"result'":'"{\'"GetFbaInventoryData\'":{\'"storageFees12Months\'":{\'"currencyValue\'":0,\'"currencyCode\'":\'"USD\'"},\'"storageFees12MonthsQuantity\'":0,\'"excessInventory\'":null,\'"reorderFrequency\'":5,\'"inventoryQuantityByAge181To270\'":0,\'"totalStorageFees\'":{\'"currencyValue\'":0,\'"currencyCode\'":\'"USD\'"},\'"supplierLeadTime\'":4,\'"storageFees6MonthsQuantity\'":0,\'"inventoryQuantityByAge91To180\'":0,\'"restockQuantity\'":4,\'"inventoryQuantityByAge271To365\'":0,\'"inventoryQuantityByAge365Plus\'":0,\'"daysOfSupplyBadging\'":null,\'"totalStorageFeesQuantity\'":0,\'"inventoryAlert\'":null,\'"storageFees6Months\'":{\'"currencyValue\'":0,\'"currencyCode\'":\'"USD\'"},\'"restockOrderDate\'":\'"2023-01-18T00:00:00Z\'",\'"daysOfSupply\'":164,\'"inventoryQuantityByAge0To90\'":75},\'"GetInventoryBreakdownData\'":{\'"availableQuantity\'":75,\'"unsellableQuantity\'":0,\'"totalQuantity\'":75,\'"availableBreakdown\'":{\'"inbound\'":0,\'"reserved\'":1,\'"unfulfillable\'":0,\'"available\'":75,\'"researching\'":0,\'"availableTotal\'":76},\'"unfulfillableQuantity\'":0,\'"unfulfillableBreakdown\'":{\'"unfulfillableCarrierDamaged\'":0,\'"unfulfillableDefective\'":0,\'"unfulfillableTotalQuantity\'":0,\'"unfulfillableDistributorDamaged\'":0,\'"unfulfillableWarehouseDamaged\'":0,\'"unfulfillableExpired\'":0,\'"unfulfillableCustomerDamaged\'":0},\'"inboundQuantity\'":0,\'"fcTransferQuantity\'":0,\'"reservedBreakdown\'":{\'"fcTransferQuantity\'":0,\'"reservedTotalQuantity\'":1,\'"customerOrderQuantity\'":0,\'"fcProcessingQuantity\'":1},\'"itemDetails\'":{\'"volume\'":{\'"volume\'":827.11104,\'"volumeUnit\'":\'"cubic inches\'"},\'"condition\'":\'"New\'",\'"weight\'":{\'"weight\'":1.9797511144202007,\'"weightUnit\'":\'"pounds\'"},\'"dimension\'":{\'"widthUnit\'":\'"inches\'",\'"length\'":13.299999999999999,\'"width\'":12.640000000000002,\'"dimensionUnit\'":\'"inches\'",\'"lengthUnit\'":\'"inches\'",\'"heightUnit\'":\'"inches\'",\'"height\'":4.92}},\'"customerOrderQuantity\'":0,\'"fcProcessingQuantity\'":1},\'"GetMfnInventoryBreakdown\'":{\'"totalQuantity\'":null,\'"inventoryAlert\'":null}}'"}",2023/01/11 16:46:18,t,413,413,2869,0,t,t,t,t,NIL,76,2.55
B07JPJD8H4,th16p2,18,14,8,1.5,16.57,12.71,3.23,1.37,f,f,f,f,2023/01/02 04:25:14,t,t,5.19,0.33,14.49,3.54,0,3.26,22.5,t,"{'"queryName'":'"GetInventoryCardData'",'"result'":'"{\'"GetFbaInventoryData\'":{\'"storageFees12Months\'":{\'"currencyValue\'":0,\'"currencyCode\'":\'"USD\'"},\'"storageFees12MonthsQuantity\'":0,\'"excessInventory\'":null,\'"reorderFrequency\'":1,\'"inventoryQuantityByAge181To270\'":0,\'"totalStorageFees\'":{\'"currencyValue\'":0,\'"currencyCode\'":\'"USD\'"},\'"supplierLeadTime\'":7,\'"storageFees6MonthsQuantity\'":0,\'"inventoryQuantityByAge91To180\'":59,\'"restockQuantity\'":24,\'"inventoryQuantityByAge271To365\'":0,\'"inventoryQuantityByAge365Plus\'":0,\'"daysOfSupplyBadging\'":null,\'"totalStorageFeesQuantity\'":0,\'"inventoryAlert\'":null,\'"storageFees6Months\'":{\'"currencyValue\'":0,\'"currencyCode\'":\'"USD\'"},\'"restockOrderDate\'":\'"2023-01-09T00:00:00Z\'",\'"daysOfSupply\'":124,\'"inventoryQuantityByAge0To90\'":2},\'"GetInventoryBreakdownData\'":{\'"availableQuantity\'":60,\'"unsellableQuantity\'":1,\'"totalQuantity\'":60,\'"availableBreakdown\'":{\'"inbound\'":0,\'"reserved\'":2,\'"unfulfillable\'":1,\'"available\'":60,\'"researching\'":0,\'"availableTotal\'":63},\'"unfulfillableQuantity\'":1,\'"unfulfillableBreakdown\'":{\'"unfulfillableCarrierDamaged\'":0,\'"unfulfillableDefective\'":0,\'"unfulfillableTotalQuantity\'":1,\'"unfulfillableDistributorDamaged\'":0,\'"unfulfillableWarehouseDamaged\'":0,\'"unfulfillableExpired\'":0,\'"unfulfillableCustomerDamaged\'":1},\'"inboundQuantity\'":0,\'"fcTransferQuantity\'":0,\'"reservedBreakdown\'":{\'"fcTransferQuantity\'":0,\'"reservedTotalQuantity\'":2,\'"customerOrderQuantity\'":1,\'"fcProcessingQuantity\'":1},\'"itemDetails\'":{\'"volume\'":{\'"volume\'":680.2531810000002,\'"volumeUnit\'":\'"cubic inches\'"},\'"condition\'":\'"New\'",\'"weight\'":{\'"weight\'":1.3690706481680899,\'"weightUnit\'":\'"pounds\'"},\'"dimension\'":{\'"widthUnit\'":\'"inches\'",\'"length\'":16.57,\'"width\'":12.71,\'"dimensionUnit\'":\'"inches\'",\'"lengthUnit\'":\'"inches\'",\'"heightUnit\'":\'"inches\'",\'"height\'":3.2300000000000004}},\'"customerOrderQuantity\'":1,\'"fcProcessingQuantity\'":1},\'"GetMfnInventoryBreakdown\'":{\'"totalQuantity\'":0,\'"inventoryAlert\'":null}}'"}",2023/01/11 17:30:09,t,178,175,1580,0,t,t,t,t,NIL,52,2.17
B07JPLPWP2,th1220p4,18,14,8,3,16.88,12.79,5.82,2.87,f,f,f,f,2023/01/11 16:48:51,t,t,5.19,0.6,18.99,7.08,0,3.27,17.21,t,"{'"queryName'":'"GetInventoryCardData'",'"result'":'"{\'"GetFbaInventoryData\'":{\'"storageFees12Months\'":{\'"currencyValue\'":0,\'"currencyCode\'":\'"USD\'"},\'"storageFees12MonthsQuantity\'":0,\'"excessInventory\'":null,\'"reorderFrequency\'":1,\'"inventoryQuantityByAge181To270\'":0,\'"totalStorageFees\'":{\'"currencyValue\'":0,\'"currencyCode\'":\'"USD\'"},\'"supplierLeadTime\'":7,\'"storageFees6MonthsQuantity\'":0,\'"inventoryQuantityByAge91To180\'":0,\'"restockQuantity\'":0,\'"inventoryQuantityByAge271To365\'":0,\'"inventoryQuantityByAge365Plus\'":0,\'"daysOfSupplyBadging\'":null,\'"totalStorageFeesQuantity\'":0,\'"inventoryAlert\'":null,\'"storageFees6Months\'":{\'"currencyValue\'":0,\'"currencyCode\'":\'"USD\'"},\'"restockOrderDate\'":null,\'"daysOfSupply\'":264,\'"inventoryQuantityByAge0To90\'":130},\'"GetInventoryBreakdownData\'":{\'"availableQuantity\'":124,\'"unsellableQuantity\'":2,\'"totalQuantity\'":204,\'"availableBreakdown\'":{\'"inbound\'":80,\'"reserved\'":4,\'"unfulfillable\'":2,\'"available\'":124,\'"researching\'":1,\'"availableTotal\'":211},\'"unfulfillableQuantity\'":2,\'"unfulfillableBreakdown\'":{\'"unfulfillableCarrierDamaged\'":0,\'"unfulfillableDefective\'":0,\'"unfulfillableTotalQuantity\'":2,\'"unfulfillableDistributorDamaged\'":0,\'"unfulfillableWarehouseDamaged\'":0,\'"unfulfillableExpired\'":0,\'"unfulfillableCustomerDamaged\'":2},\'"inboundQuantity\'":80,\'"fcTransferQuantity\'":0,\'"reservedBreakdown\'":{\'"fcTransferQuantity\'":0,\'"reservedTotalQuantity\'":4,\'"customerOrderQuantity\'":3,\'"fcProcessingQuantity\'":1},\'"itemDetails\'":{\'"volume\'":{\'"volume\'":1256.510064,\'"volumeUnit\'":\'"cubic inches\'"},\'"condition\'":\'"New\'",\'"weight\'":{\'"weight\'":2.870418653647106,\'"weightUnit\'":\'"pounds\'"},\'"dimension\'":{\'"widthUnit\'":\'"inches\'",\'"length\'":16.88,\'"width\'":12.790000000000001,\'"dimensionUnit\'":\'"inches\'",\'"lengthUnit\'":\'"inches\'",\'"heightUnit\'":\'"inches\'",\'"height\'":5.82}},\'"customerOrderQuantity\'":3,\'"fcProcessingQuantity\'":1},\'"GetMfnInventoryBreakdown\'":{\'"totalQuantity\'":null,\'"inventoryAlert\'":null}}'"}",2023/01/11 16:49:40,t,413,408,2869,80,t,t,t,t,NIL,131,2.85
B08D3WXQX2,th1218c,18,14,8,5.5,16,9.2,2.8,0.75,f,f,f,f,2023/01/11 17:49:34,t,t,5.19,0.2,10.49,1.88,0,1.65,15.72,t,"{'"queryName'":'"GetInventoryCardData'",'"result'":'"{\'"GetFbaInventoryData\'":{\'"storageFees12Months\'":{\'"currencyValue\'":0,\'"currencyCode\'":\'"USD\'"},\'"storageFees12MonthsQuantity\'":0,\'"excessInventory\'":null,\'"reorderFrequency\'":1,\'"inventoryQuantityByAge181To270\'":0,\'"totalStorageFees\'":{\'"currencyValue\'":0,\'"currencyCode\'":\'"USD\'"},\'"supplierLeadTime\'":9,\'"storageFees6MonthsQuantity\'":0,\'"inventoryQuantityByAge91To180\'":55,\'"restockQuantity\'":0,\'"inventoryQuantityByAge271To365\'":0,\'"inventoryQuantityByAge365Plus\'":0,\'"daysOfSupplyBadging\'":null,\'"totalStorageFeesQuantity\'":0,\'"inventoryAlert\'":null,\'"storageFees6Months\'":{\'"currencyValue\'":0,\'"currencyCode\'":\'"USD\'"},\'"restockOrderDate\'":null,\'"daysOfSupply\'":366,\'"inventoryQuantityByAge0To90\'":178},\'"GetInventoryBreakdownData\'":{\'"availableQuantity\'":188,\'"unsellableQuantity\'":0,\'"totalQuantity\'":392,\'"availableBreakdown\'":{\'"inbound\'":160,\'"reserved\'":46,\'"unfulfillable\'":0,\'"available\'":188,\'"researching\'":0,\'"availableTotal\'":394},\'"unfulfillableQuantity\'":0,\'"unfulfillableBreakdown\'":{\'"unfulfillableCarrierDamaged\'":0,\'"unfulfillableDefective\'":0,\'"unfulfillableTotalQuantity\'":0,\'"unfulfillableDistributorDamaged\'":0,\'"unfulfillableWarehouseDamaged\'":0,\'"unfulfillableExpired\'":0,\'"unfulfillableCustomerDamaged\'":0},\'"inboundQuantity\'":160,\'"fcTransferQuantity\'":44,\'"reservedBreakdown\'":{\'"fcTransferQuantity\'":44,\'"reservedTotalQuantity\'":46,\'"customerOrderQuantity\'":1,\'"fcProcessingQuantity\'":1},\'"itemDetails\'":{\'"volume\'":{\'"volume\'":412.16,\'"volumeUnit\'":\'"cubic inches\'"},\'"condition\'":\'"New\'",\'"weight\'":{\'"weight\'":0.7495716914285838,\'"weightUnit\'":\'"pounds\'"},\'"dimension\'":{\'"widthUnit\'":\'"inches\'",\'"length\'":16,\'"width\'":9.2,\'"dimensionUnit\'":\'"inches\'",\'"lengthUnit\'":\'"inches\'",\'"heightUnit\'":\'"inches\'",\'"height\'":2.8000000000000003}},\'"customerOrderQuantity\'":1,\'"fcProcessingQuantity\'":1},\'"GetMfnInventoryBreakdown\'":{\'"totalQuantity\'":null,\'"inventoryAlert\'":null}}'"}",2023/01/11 16:26:05,t,768,758,8058,80,t,t,t,t,NIL,234,1.57
B0BC9D4F3F,PBI-HPC-USC-MF-USA,18,14,8,3,16,12.6,3.25,2.15,f,f,f,f,2023/01/11 17:22:35,t,t,5.19,0.31,19.99,11,0,0.49,2.44,t,"{'"queryName'":'"GetInventoryCardData'",'"result'":'"{\'"GetFbaInventoryData\'":{\'"storageFees12Months\'":{\'"currencyValue\'":0,\'"currencyCode\'":\'"USD\'"},\'"storageFees12MonthsQuantity\'":0,\'"excessInventory\'":null,\'"reorderFrequency\'":5,\'"inventoryQuantityByAge181To270\'":0,\'"totalStorageFees\'":{\'"currencyValue\'":0,\'"currencyCode\'":\'"USD\'"},\'"supplierLeadTime\'":4,\'"storageFees6MonthsQuantity\'":0,\'"inventoryQuantityByAge91To180\'":0,\'"restockQuantity\'":0,\'"inventoryQuantityByAge271To365\'":0,\'"inventoryQuantityByAge365Plus\'":0,\'"daysOfSupplyBadging\'":null,\'"totalStorageFeesQuantity\'":0,\'"inventoryAlert\'":null,\'"storageFees6Months\'":{\'"currencyValue\'":0,\'"currencyCode\'":\'"USD\'"},\'"restockOrderDate\'":null,\'"daysOfSupply\'":366,\'"inventoryQuantityByAge0To90\'":118},\'"GetInventoryBreakdownData\'":{\'"availableQuantity\'":118,\'"unsellableQuantity\'":0,\'"totalQuantity\'":118,\'"availableBreakdown\'":{\'"inbound\'":0,\'"reserved\'":0,\'"unfulfillable\'":0,\'"available\'":118,\'"researching\'":0,\'"availableTotal\'":118},\'"unfulfillableQuantity\'":0,\'"unfulfillableBreakdown\'":{\'"unfulfillableCarrierDamaged\'":0,\'"unfulfillableDefective\'":0,\'"unfulfillableTotalQuantity\'":0,\'"unfulfillableDistributorDamaged\'":0,\'"unfulfillableWarehouseDamaged\'":0,\'"unfulfillableExpired\'":0,\'"unfulfillableCustomerDamaged\'":0},\'"inboundQuantity\'":0,\'"fcTransferQuantity\'":0,\'"reservedBreakdown\'":{\'"fcTransferQuantity\'":0,\'"reservedTotalQuantity\'":0,\'"customerOrderQuantity\'":0,\'"fcProcessingQuantity\'":0},\'"itemDetails\'":{\'"volume\'":{\'"volume\'":655.1999999999999,\'"volumeUnit\'":\'"cubic inches\'"},\'"condition\'":\'"New\'",\'"weight\'":{\'"weight\'":2.1495070563025562,\'"weightUnit\'":\'"pounds\'"},\'"dimension\'":{\'"widthUnit\'":\'"inches\'",\'"length\'":16,\'"width\'":12.599999999999998,\'"dimensionUnit\'":\'"inches\'",\'"lengthUnit\'":\'"inches\'",\'"heightUnit\'":\'"inches\'",\'"height\'":3.2500000000000004}},\'"customerOrderQuantity\'":0,\'"fcProcessingQuantity\'":0},\'"GetMfnInventoryBreakdown\'":{\'"totalQuantity\'":null,\'"inventoryAlert\'":null}}'"}",2023/01/11 17:23:25,t,14,14,31,0,t,t,t,t,NIL,118,3
B0BJ6RHFTF,PBI-TP-2222C-P4-AMZ-USA,18,14,8,10,16.85,13.11,7.6,7.21,f,f,f,f,2023/01/11 17:15:52,t,t,10.11,0.81,30.99,11.52,0,3.91,12.6,t,"{'"queryName'":'"GetInventoryCardData'",'"result'":'"{\'"GetFbaInventoryData\'":{\'"storageFees12Months\'":{\'"currencyValue\'":0,\'"currencyCode\'":\'"USD\'"},\'"storageFees12MonthsQuantity\'":0,\'"excessInventory\'":null,\'"reorderFrequency\'":5,\'"inventoryQuantityByAge181To270\'":0,\'"totalStorageFees\'":{\'"currencyValue\'":0,\'"currencyCode\'":\'"USD\'"},\'"supplierLeadTime\'":4,\'"storageFees6MonthsQuantity\'":0,\'"inventoryQuantityByAge91To180\'":0,\'"restockQuantity\'":0,\'"inventoryQuantityByAge271To365\'":0,\'"inventoryQuantityByAge365Plus\'":0,\'"daysOfSupplyBadging\'":null,\'"totalStorageFeesQuantity\'":0,\'"inventoryAlert\'":null,\'"storageFees6Months\'":{\'"currencyValue\'":0,\'"currencyCode\'":\'"USD\'"},\'"restockOrderDate\'":null,\'"daysOfSupply\'":167,\'"inventoryQuantityByAge0To90\'":71},\'"GetInventoryBreakdownData\'":{\'"availableQuantity\'":71,\'"unsellableQuantity\'":0,\'"totalQuantity\'":71,\'"availableBreakdown\'":{\'"inbound\'":0,\'"reserved\'":0,\'"unfulfillable\'":0,\'"available\'":71,\'"researching\'":0,\'"availableTotal\'":71},\'"unfulfillableQuantity\'":0,\'"unfulfillableBreakdown\'":{\'"unfulfillableCarrierDamaged\'":0,\'"unfulfillableDefective\'":0,\'"unfulfillableTotalQuantity\'":0,\'"unfulfillableDistributorDamaged\'":0,\'"unfulfillableWarehouseDamaged\'":0,\'"unfulfillableExpired\'":0,\'"unfulfillableCustomerDamaged\'":0},\'"inboundQuantity\'":0,\'"fcTransferQuantity\'":0,\'"reservedBreakdown\'":{\'"fcTransferQuantity\'":0,\'"reservedTotalQuantity\'":0,\'"customerOrderQuantity\'":0,\'"fcProcessingQuantity\'":0},\'"itemDetails\'":{\'"volume\'":{\'"volume\'":1678.8665999999996,\'"volumeUnit\'":\'"cubic inches\'"},\'"condition\'":\'"New\'",\'"weight\'":{\'"weight\'":7.209115973445497,\'"weightUnit\'":\'"pounds\'"},\'"dimension\'":{\'"widthUnit\'":\'"inches\'",\'"length\'":16.849999999999998,\'"width\'":13.11,\'"dimensionUnit\'":\'"inches\'",\'"lengthUnit\'":\'"inches\'",\'"heightUnit\'":\'"inches\'",\'"height\'":7.6}},\'"customerOrderQuantity\'":0,\'"fcProcessingQuantity\'":0},\'"GetMfnInventoryBreakdown\'":{\'"totalQuantity\'":null,\'"inventoryAlert\'":null}}'"}",2023/01/11 17:16:41,t,413,413,2869,0,t,t,t,t,NIL,71,4.65
B0BJ313NFB,PBI-TP-1212C-P2-AMZ-USA,18,14,8,5,12.32,12.13,3.31,0.99,f,f,f,f,2023/01/11 17:05:43,t,t,5.19,0.24,12.99,3.12,0,2.49,19.2,t,"{'"queryName'":'"GetInventoryCardData'",'"result'":'"{\'"GetFbaInventoryData\'":{\'"storageFees12Months\'":{\'"currencyValue\'":0,\'"currencyCode\'":\'"USD\'"},\'"storageFees12MonthsQuantity\'":0,\'"excessInventory\'":null,\'"reorderFrequency\'":5,\'"inventoryQuantityByAge181To270\'":0,\'"totalStorageFees\'":{\'"currencyValue\'":0,\'"currencyCode\'":\'"USD\'"},\'"supplierLeadTime\'":4,\'"storageFees6MonthsQuantity\'":0,\'"inventoryQuantityByAge91To180\'":0,\'"restockQuantity\'":0,\'"inventoryQuantityByAge271To365\'":0,\'"inventoryQuantityByAge365Plus\'":0,\'"daysOfSupplyBadging\'":null,\'"totalStorageFeesQuantity\'":0,\'"inventoryAlert\'":null,\'"storageFees6Months\'":{\'"currencyValue\'":0,\'"currencyCode\'":\'"USD\'"},\'"restockOrderDate\'":null,\'"daysOfSupply\'":269,\'"inventoryQuantityByAge0To90\'":83},\'"GetInventoryBreakdownData\'":{\'"availableQuantity\'":82,\'"unsellableQuantity\'":0,\'"totalQuantity\'":82,\'"availableBreakdown\'":{\'"inbound\'":0,\'"reserved\'":2,\'"unfulfillable\'":0,\'"available\'":82,\'"researching\'":0,\'"availableTotal\'":84},\'"unfulfillableQuantity\'":0,\'"unfulfillableBreakdown\'":{\'"unfulfillableCarrierDamaged\'":0,\'"unfulfillableDefective\'":0,\'"unfulfillableTotalQuantity\'":0,\'"unfulfillableDistributorDamaged\'":0,\'"unfulfillableWarehouseDamaged\'":0,\'"unfulfillableExpired\'":0,\'"unfulfillableCustomerDamaged\'":0},\'"inboundQuantity\'":0,\'"fcTransferQuantity\'":0,\'"reservedBreakdown\'":{\'"fcTransferQuantity\'":0,\'"reservedTotalQuantity\'":2,\'"customerOrderQuantity\'":1,\'"fcProcessingQuantity\'":1},\'"itemDetails\'":{\'"volume\'":{\'"volume\'":494.6516960000001,\'"volumeUnit\'":\'"cubic inches\'"},\'"condition\'":\'"New\'",\'"weight\'":{\'"weight\'":0.9898755572101003,\'"weightUnit\'":\'"pounds\'"},\'"dimension\'":{\'"widthUnit\'":\'"inches\'",\'"length\'":12.319999999999999,\'"width\'":12.13,\'"dimensionUnit\'":\'"inches\'",\'"lengthUnit\'":\'"inches\'",\'"heightUnit\'":\'"inches\'",\'"height\'":3.3100000000000005}},\'"customerOrderQuantity\'":1,\'"fcProcessingQuantity\'":1},\'"GetMfnInventoryBreakdown\'":{\'"totalQuantity\'":null,\'"inventoryAlert\'":null}}'"}",2023/01/11 17:06:33,t,178,178,1580,0,t,t,t,t,NIL,84,1.95
B07K1FNN7M,th1218,18,14,8,0.75,15.35,12.44,3.23,0.6195,f,f,f,f,2022/12/21 11:50:38,t,t,5.19,0.3,9.99,1.75,0,1.26,12.57,t,"{'"fnsku'":'"X001XRYYWZ'",'"customerReviewsRatingfullStarCount'":4,'"offerCount'":1,'"dimensionUnit'":'"inches'",'"link'":'"https://www.amazon.com/gp/product/B07K1FNN7M/ref=xx_dp_cont_revecalc'",'"title'":'"Trendy Home Premium Stuffer for Home & Office Pillow Stuffer, Decorative Throw Pillow Insert (12x18, Non Woven)'",'"merchantSku'":'"th1218'",'"isMyProduct'":true,'"price'":10.29,'"imageUrl'":'"https://m.media-amazon.com/images/I/21pB6uZlzhL._SL120_.jpg'",'"dimensionUnitStringId'":'"SC_FBA_UnitOfMeasure_Inches_39146'",'"currency'":'"USD'",'"salesRank'":10339,'"salesRankContextName'":'"Home & Kitchen'",'"customerReviewsRating'":'"4.6 out of 5 stars'",'"height'":3.23,'"brandName'":'"Trendy Home by Pepmart Traders'",'"isAfn'":true,'"gl'":'"gl_home'",'"length'":15.35,'"weight'":0.6195,'"customerReviewsRatingValue'":4.6,'"weightUnitStringId'":'"SC_FBA_UnitOfMeasure_Pounds_45297'",'"customerReviewsCount'":7997,'"width'":12.44,'"thumbStringUrl'":'"https://m.media-amazon.com/images/I/21pB6uZlzhL._SL120_SL80_.jpg'",'"asin'":'"B07K1FNN7M'",'"weightUnit'":'"pounds'"}",2023/01/11 16:29:27,t,768,756,8058,720,t,t,t,t,NIL,831,1.5
B084RM261M,i1218,18,14,8,0.75,17.04,11.65,4.61,0.679,f,f,f,f,2022/09/15 01:01:01,t,t,7.7,0.44,9.49,2,0,-2.92,-34.43,f,"{'"isWhiteGloveRequired'":false,'"weightUnitString'":'"pounds'",'"subCategory'":'"'",'"fnsku'":'"X002HBMVIP'",'"dimensionUnit'":'"inches'",'"link'":'"http://www.amazon.com/gp/product/B084RM261M/ref=silver_xx_cont_revecalc'",'"binding'":'"'",'"title'":'"ILLAM 12x18 Premium Stuffer Home Office Decorative Throw Pillow/Cushion Insert, White (12x18)'",'"dimensionUnitString'":'"inches'",'"price'":9.49,'"imageUrl'":'"https://m.media-amazon.com/images/I/31p7zOozMPL._SL120_.jpg'",'"height'":4.61,'"isAfn'":false,'"gl'":'"gl_home'",'"TRexId'":'"'",'"length'":17.04,'"isAsinLimits'":false,'"weight'":0.679,'"originalUrl'":'"'",'"productGroup'":'"'",'"width'":11.65,'"thumbStringUrl'":'"https://m.media-amazon.com/images/I/31p7zOozMPL._SL120_SL80_.jpg'",'"asin'":'"B084RM261M'",'"encryptedMarketplaceId'":'"'",'"weightUnit'":'"pounds'"}",2022/09/15 01:01:01,f,32,1,388,0,t,t,t,t,15,0,0
B084RQCTJ1,i16,18,14,8,0.75,16.57,13.58,3.31,0.7099,f,f,f,f,2022/09/15 01:01:01,t,t,7.38,0.36,9.49,2,0,-2.52,-29.72,f,"{'"isWhiteGloveRequired'":false,'"weightUnitString'":'"pounds'",'"subCategory'":'"'",'"fnsku'":'"X002HBJJOT'",'"dimensionUnit'":'"inches'",'"link'":'"http://www.amazon.com/gp/product/B084RQCTJ1/ref=silver_xx_cont_revecalc'",'"binding'":'"'",'"title'":'"ILLAM 16x16 Premium Stuffer Home Office Decorative Throw Pillow/Cushion Insert, White (16x16)'",'"dimensionUnitString'":'"inches'",'"price'":9.49,'"imageUrl'":'"https://m.media-amazon.com/images/I/41tfwkQBqPL._SL120_.jpg'",'"height'":3.31,'"isAfn'":true,'"gl'":'"gl_home'",'"TRexId'":'"'",'"length'":16.57,'"isAsinLimits'":false,'"weight'":0.7099,'"originalUrl'":'"'",'"productGroup'":'"'",'"width'":13.58,'"thumbStringUrl'":'"https://m.media-amazon.com/images/I/41tfwkQBqPL._SL120_SL80_.jpg'",'"asin'":'"B084RQCTJ1'",'"encryptedMarketplaceId'":'"'",'"weightUnit'":'"pounds'"}",2022/09/15 01:01:01,f,32,1,388,0,t,t,t,t,25,17,0
B0B1WL831P,th18c,18,14,8,1.5,13.86,8.27,5,1.04,f,f,f,f,2023/01/11 16:42:08,t,f,5.19,0.28,11.49,2.36,0,1.94,16.89,t,"{'"queryName'":'"GetInventoryCardData'",'"result'":'"{\'"GetFbaInventoryData\'":{\'"storageFees12Months\'":{\'"currencyValue\'":0,\'"currencyCode\'":\'"USD\'"},\'"storageFees12MonthsQuantity\'":0,\'"excessInventory\'":null,\'"reorderFrequency\'":5,\'"inventoryQuantityByAge181To270\'":0,\'"totalStorageFees\'":{\'"currencyValue\'":0,\'"currencyCode\'":\'"USD\'"},\'"supplierLeadTime\'":4,\'"storageFees6MonthsQuantity\'":0,\'"inventoryQuantityByAge91To180\'":0,\'"restockQuantity\'":216,\'"inventoryQuantityByAge271To365\'":0,\'"inventoryQuantityByAge365Plus\'":0,\'"daysOfSupplyBadging\'":null,\'"totalStorageFeesQuantity\'":0,\'"inventoryAlert\'":null,\'"storageFees6Months\'":{\'"currencyValue\'":0,\'"currencyCode\'":\'"USD\'"},\'"restockOrderDate\'":\'"2023-01-18T00:00:00Z\'",\'"daysOfSupply\'":51,\'"inventoryQuantityByAge0To90\'":35},\'"GetInventoryBreakdownData\'":{\'"availableQuantity\'":29,\'"unsellableQuantity\'":0,\'"totalQuantity\'":111,\'"availableBreakdown\'":{\'"inbound\'":80,\'"reserved\'":7,\'"unfulfillable\'":0,\'"available\'":29,\'"researching\'":0,\'"availableTotal\'":116},\'"unfulfillableQuantity\'":0,\'"unfulfillableBreakdown\'":{\'"unfulfillableCarrierDamaged\'":0,\'"unfulfillableDefective\'":0,\'"unfulfillableTotalQuantity\'":0,\'"unfulfillableDistributorDamaged\'":0,\'"unfulfillableWarehouseDamaged\'":0,\'"unfulfillableExpired\'":0,\'"unfulfillableCustomerDamaged\'":0},\'"inboundQuantity\'":80,\'"fcTransferQuantity\'":2,\'"reservedBreakdown\'":{\'"fcTransferQuantity\'":2,\'"reservedTotalQuantity\'":7,\'"customerOrderQuantity\'":2,\'"fcProcessingQuantity\'":3},\'"itemDetails\'":{\'"volume\'":{\'"volume\'":573.1109999999999,\'"volumeUnit\'":\'"cubic inches\'"},\'"condition\'":\'"New\'",\'"weight\'":{\'"weight\'":1.040581877512622,\'"weightUnit\'":\'"pounds\'"},\'"dimension\'":{\'"widthUnit\'":\'"inches\'",\'"length\'":13.86,\'"width\'":8.27,\'"dimensionUnit\'":\'"inches\'",\'"lengthUnit\'":\'"inches\'",\'"heightUnit\'":\'"inches\'",\'"height\'":5}},\'"customerOrderQuantity\'":2,\'"fcProcessingQuantity\'":3},\'"GetMfnInventoryBreakdown\'":{\'"totalQuantity\'":null,\'"inventoryAlert\'":null}}'"}",2023/01/11 16:42:56,t,768,768,8058,80,t,t,t,t,NIL,36,1.72
B07JP4XQ4J,th1220,18,14,8,0.75,15.79,12.09,1.5,0.73,f,f,f,f,2023/01/11 16:52:14,t,t,5.19,0.14,9.79,1.75,0,1.24,12.71,t,"{'"queryName'":'"GetInventoryCardData'",'"result'":'"{\'"GetFbaInventoryData\'":{\'"storageFees12Months\'":null,\'"storageFees12MonthsQuantity\'":0,\'"excessInventory\'":null,\'"reorderFrequency\'":1,\'"inventoryQuantityByAge181To270\'":0,\'"totalStorageFees\'":null,\'"supplierLeadTime\'":7,\'"storageFees6MonthsQuantity\'":0,\'"inventoryQuantityByAge91To180\'":0,\'"restockQuantity\'":1520,\'"inventoryQuantityByAge271To365\'":0,\'"inventoryQuantityByAge365Plus\'":0,\'"daysOfSupplyBadging\'":null,\'"totalStorageFeesQuantity\'":0,\'"inventoryAlert\'":null,\'"storageFees6Months\'":null,\'"restockOrderDate\'":\'"2023-01-18T00:00:00Z\'",\'"daysOfSupply\'":85,\'"inventoryQuantityByAge0To90\'":1},\'"GetInventoryBreakdownData\'":{\'"availableQuantity\'":2747,\'"unsellableQuantity\'":20,\'"totalQuantity\'":5710,\'"availableBreakdown\'":{\'"inbound\'":2320,\'"reserved\'":784,\'"unfulfillable\'":20,\'"available\'":2747,\'"researching\'":0,\'"availableTotal\'":5871},\'"unfulfillableQuantity\'":20,\'"unfulfillableBreakdown\'":{\'"unfulfillableCarrierDamaged\'":0,\'"unfulfillableDefective\'":2,\'"unfulfillableTotalQuantity\'":20,\'"unfulfillableDistributorDamaged\'":0,\'"unfulfillableWarehouseDamaged\'":3,\'"unfulfillableExpired\'":0,\'"unfulfillableCustomerDamaged\'":15},\'"inboundQuantity\'":2320,\'"fcTransferQuantity\'":643,\'"reservedBreakdown\'":{\'"fcTransferQuantity\'":643,\'"reservedTotalQuantity\'":784,\'"customerOrderQuantity\'":50,\'"fcProcessingQuantity\'":91},\'"itemDetails\'":{\'"volume\'":{\'"volume\'":286.35164999999995,\'"volumeUnit\'":\'"cubic inches\'"},\'"condition\'":\'"New\'",\'"weight\'":{\'"weight\'":0.7297300878319448,\'"weightUnit\'":\'"pounds\'"},\'"dimension\'":{\'"widthUnit\'":\'"inches\'",\'"length\'":15.79,\'"width\'":12.09,\'"dimensionUnit\'":\'"inches\'",\'"lengthUnit\'":\'"inches\'",\'"heightUnit\'":\'"inches\'",\'"height\'":1.5}},\'"customerOrderQuantity\'":50,\'"fcProcessingQuantity\'":91},\'"GetMfnInventoryBreakdown\'":{\'"totalQuantity\'":null,\'"inventoryAlert\'":null}}'"}",2023/01/11 16:53:02,t,768,406,8058,1320,t,t,t,t,NIL,3551,1.47
B07JNXRZBV,th18p4,18,14,8,5.5,16.5,12.8,6.9,4.8105,f,f,f,f,2022/11/22 07:48:19,t,t,9.48,2.02,20.49,8.6,0,-2.69,-13.12,f,"{'"fnsku'":'"X001XNM57Z'",'"customerReviewsRatingfullStarCount'":4,'"dimensionUnit'":'"inches'",'"link'":'"https://www.amazon.com/gp/product/B07JNXRZBV/ref=xx_dp_cont_revecalc'",'"title'":'"Trendy Home 18x18 Non Woven Premium Stuffer for Home & Office Cushion Stuffer, Decorative Throw Cushion Insert, (White, Standard Size, Pack of 4)'",'"merchantSku'":'"th18p4'",'"price'":20.49,'"imageUrl'":'"https://m.media-amazon.com/images/I/211k0POf8tL._SL120_.jpg'",'"dimensionUnitStringId'":'"SC_FBA_UnitOfMeasure_Inches_39146'",'"currency'":'"USD'",'"salesRank'":36184,'"salesRankContextName'":'"Home & Kitchen'",'"customerReviewsRating'":'"4.5 out of 5 stars'",'"height'":6.9,'"brandName'":'"Trendy Home by Pepmart Traders'",'"isAfn'":true,'"gl'":'"gl_home'",'"length'":16.5,'"isAsinLimits'":false,'"weight'":4.8105,'"customerReviewsRatingValue'":4.5,'"weightUnitStringId'":'"SC_FBA_UnitOfMeasure_Pounds_45297'",'"customerReviewsCount'":2829,'"width'":12.8,'"thumbStringUrl'":'"https://m.media-amazon.com/images/I/211k0POf8tL._SL120_SL80_.jpg'",'"asin'":'"B07JNXRZBV'",'"weightUnit'":'"pounds'"}",2022/11/22 07:49:19,f,413,408,2869,0,t,t,t,t,NIL,9,3.07
B07MKQRYCJ,tk1318300,18,14,8,0.75,15.94,12.52,4.25,0.1808,f,f,f,f,2022/09/15 01:01:01,t,t,7.7,0.41,7.99,2.3,0,-3.06,-38.29,f,"{'"isWhiteGloveRequired'":false,'"weightUnitString'":'"pounds'",'"subCategory'":'"'",'"fnsku'":'"X00204L6J9'",'"dimensionUnit'":'"inches'",'"link'":'"http://www.amazon.com/gp/product/B07MKQRYCJ/ref=silver_xx_cont_revecalc'",'"binding'":'"'",'"title'":'"Trendy Kids 13x18 Toddler Pillow 100% Cotton Baby / Toddler / Travel Pillow 300TC Satin - No Extra Pillowcase / Sham Needed - Machine Washable and Hypoallergenic, Perfect for Kids, Satin'",'"dimensionUnitString'":'"inches'",'"price'":7.99,'"imageUrl'":'"https://m.media-amazon.com/images/I/31a0T6AUGHL._SL120_.jpg'",'"height'":4.25,'"isAfn'":true,'"gl'":'"gl_baby_product'",'"TRexId'":'"'",'"length'":15.94,'"isAsinLimits'":false,'"weight'":0.1808,'"originalUrl'":'"'",'"productGroup'":'"'",'"width'":12.52,'"thumbStringUrl'":'"https://m.media-amazon.com/images/I/31a0T6AUGHL._SL120_SL80_.jpg'",'"asin'":'"B07MKQRYCJ'",'"encryptedMarketplaceId'":'"'",'"weightUnit'":'"pounds'"}",2022/09/15 01:01:01,f,21,0,233,0,t,t,t,t,NIL,1,0
B07JP47WQK,th16,18,14,8,0.75,15.47,11.61,2.28,0.66,f,f,f,f,2023/01/11 13:24:55,t,t,5.19,0.2,9.49,1.77,0,0.91,9.59,t,"{'"queryName'":'"GetInventoryCardData'",'"result'":'"{\'"GetFbaInventoryData\'":{\'"storageFees12Months\'":null,\'"storageFees12MonthsQuantity\'":0,\'"excessInventory\'":null,\'"reorderFrequency\'":1,\'"inventoryQuantityByAge181To270\'":0,\'"totalStorageFees\'":null,\'"supplierLeadTime\'":7,\'"storageFees6MonthsQuantity\'":0,\'"inventoryQuantityByAge91To180\'":0,\'"restockQuantity\'":1008,\'"inventoryQuantityByAge271To365\'":0,\'"inventoryQuantityByAge365Plus\'":0,\'"daysOfSupplyBadging\'":null,\'"totalStorageFeesQuantity\'":0,\'"inventoryAlert\'":null,\'"storageFees6Months\'":null,\'"restockOrderDate\'":\'"2023-01-18T00:00:00Z\'",\'"daysOfSupply\'":1,\'"inventoryQuantityByAge0To90\'":1},\'"GetInventoryBreakdownData\'":{\'"availableQuantity\'":0,\'"unsellableQuantity\'":11,\'"totalQuantity\'":2,\'"availableBreakdown\'":{\'"inbound\'":0,\'"reserved\'":7,\'"unfulfillable\'":11,\'"available\'":0,\'"researching\'":2,\'"availableTotal\'":20},\'"unfulfillableQuantity\'":11,\'"unfulfillableBreakdown\'":{\'"unfulfillableCarrierDamaged\'":0,\'"unfulfillableDefective\'":1,\'"unfulfillableTotalQuantity\'":11,\'"unfulfillableDistributorDamaged\'":0,\'"unfulfillableWarehouseDamaged\'":1,\'"unfulfillableExpired\'":0,\'"unfulfillableCustomerDamaged\'":9},\'"inboundQuantity\'":0,\'"fcTransferQuantity\'":2,\'"reservedBreakdown\'":{\'"fcTransferQuantity\'":2,\'"reservedTotalQuantity\'":7,\'"customerOrderQuantity\'":0,\'"fcProcessingQuantity\'":5},\'"itemDetails\'":{\'"volume\'":{\'"volume\'":409.5032759999999,\'"volumeUnit\'":\'"cubic inches\'"},\'"condition\'":\'"New\'",\'"weight\'":{\'"weight\'":0.659182163932784,\'"weightUnit\'":\'"pounds\'"},\'"dimension\'":{\'"widthUnit\'":\'"inches\'",\'"length\'":15.469999999999999,\'"width\'":11.61,\'"dimensionUnit\'":\'"inches\'",\'"lengthUnit\'":\'"inches\'",\'"heightUnit\'":\'"inches\'",\'"height\'":2.28}},\'"customerOrderQuantity\'":0,\'"fcProcessingQuantity\'":5},\'"GetMfnInventoryBreakdown\'":{\'"totalQuantity\'":null,\'"inventoryAlert\'":null}}'"}",2023/01/11 17:38:35,f,768,639,8060,0,t,t,t,t,NIL,20,1.42
B07JP1JT93,th1220p2,18,14,8,1.5,15.98,12.4,3.62,1.41,f,f,f,f,2023/01/11 17:41:08,t,t,5.19,0.34,13.49,3.54,0,2.39,17.73,t,"{'"queryName'":'"GetInventoryCardData'",'"result'":'"{\'"GetFbaInventoryData\'":{\'"storageFees12Months\'":{\'"currencyValue\'":0,\'"currencyCode\'":\'"USD\'"},\'"storageFees12MonthsQuantity\'":0,\'"excessInventory\'":null,\'"reorderFrequency\'":1,\'"inventoryQuantityByAge181To270\'":0,\'"totalStorageFees\'":{\'"currencyValue\'":0,\'"currencyCode\'":\'"USD\'"},\'"supplierLeadTime\'":7,\'"storageFees6MonthsQuantity\'":0,\'"inventoryQuantityByAge91To180\'":0,\'"restockQuantity\'":200,\'"inventoryQuantityByAge271To365\'":0,\'"inventoryQuantityByAge365Plus\'":0,\'"daysOfSupplyBadging\'":null,\'"totalStorageFeesQuantity\'":0,\'"inventoryAlert\'":null,\'"storageFees6Months\'":{\'"currencyValue\'":0,\'"currencyCode\'":\'"USD\'"},\'"restockOrderDate\'":\'"2023-01-18T00:00:00Z\'",\'"daysOfSupply\'":107,\'"inventoryQuantityByAge0To90\'":650},\'"GetInventoryBreakdownData\'":{\'"availableQuantity\'":510,\'"unsellableQuantity\'":10,\'"totalQuantity\'":915,\'"availableBreakdown\'":{\'"inbound\'":280,\'"reserved\'":133,\'"unfulfillable\'":10,\'"available\'":510,\'"researching\'":4,\'"availableTotal\'":937},\'"unfulfillableQuantity\'":10,\'"unfulfillableBreakdown\'":{\'"unfulfillableCarrierDamaged\'":0,\'"unfulfillableDefective\'":0,\'"unfulfillableTotalQuantity\'":10,\'"unfulfillableDistributorDamaged\'":0,\'"unfulfillableWarehouseDamaged\'":3,\'"unfulfillableExpired\'":0,\'"unfulfillableCustomerDamaged\'":7},\'"inboundQuantity\'":280,\'"fcTransferQuantity\'":125,\'"reservedBreakdown\'":{\'"fcTransferQuantity\'":125,\'"reservedTotalQuantity\'":133,\'"customerOrderQuantity\'":4,\'"fcProcessingQuantity\'":4},\'"itemDetails\'":{\'"volume\'":{\'"volume\'":717.31024,\'"volumeUnit\'":\'"cubic inches\'"},\'"condition\'":\'"New\'",\'"weight\'":{\'"weight\'":1.4109584779832165,\'"weightUnit\'":\'"pounds\'"},\'"dimension\'":{\'"widthUnit\'":\'"inches\'",\'"length\'":15.979999999999999,\'"width\'":12.4,\'"dimensionUnit\'":\'"inches\'",\'"lengthUnit\'":\'"inches\'",\'"heightUnit\'":\'"inches\'",\'"height\'":3.62}},\'"customerOrderQuantity\'":4,\'"fcProcessingQuantity\'":4},\'"GetMfnInventoryBreakdown\'":{\'"totalQuantity\'":null,\'"inventoryAlert\'":null}}'"}",2023/01/11 17:41:57,t,178,175,1580,160,t,t,t,t,NIL,657,2.02
B07JXY9GC1,th16p4,18,14,8,3,16.65,12.99,4.09,2.89,f,f,f,f,2023/01/11 17:09:07,t,t,5.19,0.42,19.99,7.08,0,4.3,21.49,t,"{'"queryName'":'"GetInventoryCardData'",'"result'":'"{\'"GetFbaInventoryData\'":{\'"storageFees12Months\'":null,\'"storageFees12MonthsQuantity\'":0,\'"excessInventory\'":null,\'"reorderFrequency\'":1,\'"inventoryQuantityByAge181To270\'":0,\'"totalStorageFees\'":null,\'"supplierLeadTime\'":7,\'"storageFees6MonthsQuantity\'":0,\'"inventoryQuantityByAge91To180\'":0,\'"restockQuantity\'":360,\'"inventoryQuantityByAge271To365\'":0,\'"inventoryQuantityByAge365Plus\'":0,\'"daysOfSupplyBadging\'":null,\'"totalStorageFeesQuantity\'":0,\'"inventoryAlert\'":null,\'"storageFees6Months\'":null,\'"restockOrderDate\'":\'"2023-01-18T00:00:00Z\'",\'"daysOfSupply\'":142,\'"inventoryQuantityByAge0To90\'":1},\'"GetInventoryBreakdownData\'":{\'"availableQuantity\'":472,\'"unsellableQuantity\'":13,\'"totalQuantity\'":1121,\'"availableBreakdown\'":{\'"inbound\'":560,\'"reserved\'":104,\'"unfulfillable\'":13,\'"available\'":472,\'"researching\'":1,\'"availableTotal\'":1150},\'"unfulfillableQuantity\'":13,\'"unfulfillableBreakdown\'":{\'"unfulfillableCarrierDamaged\'":0,\'"unfulfillableDefective\'":1,\'"unfulfillableTotalQuantity\'":13,\'"unfulfillableDistributorDamaged\'":0,\'"unfulfillableWarehouseDamaged\'":4,\'"unfulfillableExpired\'":0,\'"unfulfillableCustomerDamaged\'":8},\'"inboundQuantity\'":560,\'"fcTransferQuantity\'":89,\'"reservedBreakdown\'":{\'"fcTransferQuantity\'":89,\'"reservedTotalQuantity\'":104,\'"customerOrderQuantity\'":1,\'"fcProcessingQuantity\'":14},\'"itemDetails\'":{\'"volume\'":{\'"volume\'":884.5995150000001,\'"volumeUnit\'":\'"cubic inches\'"},\'"condition\'":\'"New\'",\'"weight\'":{\'"weight\'":2.890260257243745,\'"weightUnit\'":\'"pounds\'"},\'"dimension\'":{\'"widthUnit\'":\'"inches\'",\'"length\'":16.65,\'"width\'":12.99,\'"dimensionUnit\'":\'"inches\'",\'"lengthUnit\'":\'"inches\'",\'"heightUnit\'":\'"inches\'",\'"height\'":4.090000000000001}},\'"customerOrderQuantity\'":1,\'"fcProcessingQuantity\'":14},\'"GetMfnInventoryBreakdown\'":{\'"totalQuantity\'":null,\'"inventoryAlert\'":null}}'"}",2023/01/11 17:09:56,t,413,408,2869,400,t,t,t,t,NIL,590,3
B07MH4LM1B,tk1318200,18,14,8,5.5,15.6,11.6,0.8,0.7496,f,f,f,f,2022/09/15 01:01:01,t,t,5.4,0.07,8.99,2.3,0,0.5,5.57,t,"{'"isWhiteGloveRequired'":false,'"weightUnitString'":'"pounds'",'"subCategory'":'"'",'"fnsku'":'"X002013XLV'",'"dimensionUnit'":'"inches'",'"link'":'"http://www.amazon.com/gp/product/B07MH4LM1B/ref=silver_xx_cont_revecalc'",'"binding'":'"'",'"title'":'"Trendy Kids 13x18 Toddler Pillow 100% Cotton Baby / Toddler / Travel Pillow 300TC Percale - No Extra Pillowcase / Sham Needed - Machine Washable, Perfect for Kids, Percale'",'"dimensionUnitString'":'"inches'",'"price'":8.99,'"imageUrl'":'"https://m.media-amazon.com/images/I/31a0T6AUGHL._SL120_.jpg'",'"height'":0.8,'"isAfn'":true,'"gl'":'"gl_baby_product'",'"TRexId'":'"'",'"length'":15.6,'"isAsinLimits'":false,'"weight'":0.7496,'"originalUrl'":'"'",'"productGroup'":'"'",'"width'":11.6,'"thumbStringUrl'":'"https://m.media-amazon.com/images/I/31a0T6AUGHL._SL120_SL80_.jpg'",'"asin'":'"B07MH4LM1B'",'"encryptedMarketplaceId'":'"'",'"weightUnit'":'"pounds'"}",2022/09/15 01:01:01,f,27,2,279,0,t,t,t,t,NIL,6,0
B07JPM1RTF,th1218p4,18,14,8,5.5,17.8,13.5,7.1,2.8506,f,f,f,f,2022/09/15 01:01:01,t,t,9.59,0.82,21.99,8,0,0.28,1.28,t,"{'"isWhiteGloveRequired'":false,'"weightUnitString'":'"pounds'",'"subCategory'":'"'",'"fnsku'":'"X001XM3FJ3'",'"dimensionUnit'":'"inches'",'"link'":'"http://www.amazon.com/gp/product/B07JPM1RTF/ref=silver_xx_cont_revecalc'",'"binding'":'"'",'"title'":'"Trendy Home 12x18 Premium Stuffer Home Office Decorative Throw Pillow/Cushion Insert, White 12x18(4pack)'",'"dimensionUnitString'":'"inches'",'"price'":21.99,'"imageUrl'":'"https://m.media-amazon.com/images/I/31irSDWFfgL._SL120_.jpg'",'"height'":7.1,'"isAfn'":false,'"gl'":'"gl_home'",'"TRexId'":'"'",'"length'":17.8,'"isAsinLimits'":false,'"weight'":2.8506,'"originalUrl'":'"'",'"productGroup'":'"'",'"width'":13.5,'"thumbStringUrl'":'"https://m.media-amazon.com/images/I/31irSDWFfgL._SL120_SL80_.jpg'",'"asin'":'"B07JPM1RTF'",'"encryptedMarketplaceId'":'"'",'"weightUnit'":'"pounds'"}",2022/09/15 01:01:01,f,11,0,59,0,t,t,t,t,NIL,0,0
B07JQBJDRC,th20p4,18,14,8,6,16,12.25,7,5.75,f,f,f,f,2023/01/11 16:55:35,t,t,9.17,0.66,27.99,9.44,0,4.52,16.16,t,"{'"queryName'":'"GetInventoryCardData'",'"result'":'"{\'"GetFbaInventoryData\'":{\'"storageFees12Months\'":null,\'"storageFees12MonthsQuantity\'":0,\'"excessInventory\'":null,\'"reorderFrequency\'":1,\'"inventoryQuantityByAge181To270\'":0,\'"totalStorageFees\'":null,\'"supplierLeadTime\'":7,\'"storageFees6MonthsQuantity\'":0,\'"inventoryQuantityByAge91To180\'":0,\'"restockQuantity\'":750,\'"inventoryQuantityByAge271To365\'":0,\'"inventoryQuantityByAge365Plus\'":0,\'"daysOfSupplyBadging\'":null,\'"totalStorageFeesQuantity\'":0,\'"inventoryAlert\'":null,\'"storageFees6Months\'":null,\'"restockOrderDate\'":\'"2023-01-18T00:00:00Z\'",\'"daysOfSupply\'":77,\'"inventoryQuantityByAge0To90\'":2},\'"GetInventoryBreakdownData\'":{\'"availableQuantity\'":166,\'"unsellableQuantity\'":13,\'"totalQuantity\'":466,\'"availableBreakdown\'":{\'"inbound\'":300,\'"reserved\'":71,\'"unfulfillable\'":13,\'"available\'":166,\'"researching\'":0,\'"availableTotal\'":550},\'"unfulfillableQuantity\'":13,\'"unfulfillableBreakdown\'":{\'"unfulfillableCarrierDamaged\'":0,\'"unfulfillableDefective\'":3,\'"unfulfillableTotalQuantity\'":13,\'"unfulfillableDistributorDamaged\'":0,\'"unfulfillableWarehouseDamaged\'":1,\'"unfulfillableExpired\'":0,\'"unfulfillableCustomerDamaged\'":9},\'"inboundQuantity\'":300,\'"fcTransferQuantity\'":0,\'"reservedBreakdown\'":{\'"fcTransferQuantity\'":0,\'"reservedTotalQuantity\'":71,\'"customerOrderQuantity\'":0,\'"fcProcessingQuantity\'":71},\'"itemDetails\'":{\'"volume\'":{\'"volume\'":1372,\'"volumeUnit\'":\'"cubic inches\'"},\'"condition\'":\'"New\'",\'"weight\'":{\'"weight\'":5.749655797781608,\'"weightUnit\'":\'"pounds\'"},\'"dimension\'":{\'"widthUnit\'":\'"inches\'",\'"length\'":16,\'"width\'":12.25,\'"dimensionUnit\'":\'"inches\'",\'"lengthUnit\'":\'"inches\'",\'"heightUnit\'":\'"inches\'",\'"height\'":7}},\'"customerOrderQuantity\'":0,\'"fcProcessingQuantity\'":71},\'"GetMfnInventoryBreakdown\'":{\'"totalQuantity\'":null,\'"inventoryAlert\'":null}}'"}",2023/01/11 16:56:24,t,413,408,2869,180,t,t,t,t,NIL,250,4.2
